{
    "Am-241" : {
        "lines" : 
               [
                    [26.345, 2.270000 ], 
                    [59.541, 35.900000]
               ],
        "color" : 3
        },
    "Ba-133" : {
        "lines" : 
               [
                    [ 53.162, 2.140730 ],
                    [ 79.614, 2.649540 ],
                    [ 80.998, 32.948500],
                    [160.612, 0.637874 ],
                    [276.399, 7.160570 ],
                    [302.851, 18.335800],
                    [356.013, 62.050000],
                    [383.849, 8.941400 ]
               ],
        "color" : 7
        },
    "Co-57"  : {
        "lines" : 
               [
                    [ 14.413, 9.160000 ],
                    [122.061, 85.600000],
                    [136.474, 10.680000]
               ],
        "color" : 13
        },
    "Co-60"  : {
        "lines" : 
               [
                    [1173.230, 99.850000],
                    [1332.490, 99.982600]
               ],
         "color" : 8
        },
    "Cs-137" : {
        "lines" : 
               [
                    [661.657, 89.900000]
               ],
        "color" : 14
        }
}
